At the end of March,Teledensity (per 100 Inhabitants),State,Total,Wireline,Wireless,Rural,Note of Rural,Urban,Note of Urban,Public,Private
2008,Teledensity (per 100 Inhabitants),Andhra Pradesh,28.25,3.29,24.96,10.44,NA,74.97,NA,5.98,22.27
2009,Teledensity (per 100 Inhabitants),Andhra Pradesh,111.83,8.65,103.18,36.32,NA,103.38,NA,19.2,92.63
2010,Teledensity (per 100 Inhabitants),Andhra Pradesh,57.23,2.93,54.3,24.33,NA,143.19,NA,7.88,49.34
2011,Teledensity (per 100 Inhabitants),Andhra Pradesh,74.35,2.79,71.55,33.7,NA,180.32,NA,10.98,63.37
2012,Teledensity (per 100 Inhabitants),Andhra Pradesh,80.87,2.76,78.11,39.21,NA,189.25,NA,12.85,68.03
2013,Teledensity (per 100 Inhabitants),Andhra Pradesh,77.19,2.6,74.59,41.83,NA,169,NA,13.01,64.17
2014,Teledensity (per 100 Inhabitants),Andhra Pradesh,79.52,2.35,77.17,45.53,NA,167.61,NA,13.31,66.22
2015,Teledensity (per 100 Inhabitants),Andhra Pradesh,84.15,2.13,82.02,49.04,NA,174.94,NA,12.65,71.5
2016,Teledensity (per 100 Inhabitants),Andhra Pradesh,86.4,1.96,84.43,51.36,NA,176.81,NA,12.43,73.96
2017,Teledensity (per 100 Inhabitants),Andhra Pradesh,97.18,1.84,95.34,60.35,NA,192.02,NA,12.5,84.68
2018,Teledensity (per 100 Inhabitants),Andhra Pradesh,97.21,1.65,95.56,61.37,NA,189.3,NA,12.46,84.75
2019,Teledensity (per 100 Inhabitants),Andhra Pradesh,97.55,1.59,95.96,64.96,NA,181.15,NA,12.32,85.24
2020,Teledensity (per 100 Inhabitants),Andhra Pradesh,97.88,1.34,96.55,66.05,NA,179.35,NA,11.69,86.19
2021,Teledensity (per 100 Inhabitants),Andhra Pradesh,99.56,1.56,98,82.59,NA,125.04,NA,11.32,88.24
2022,Teledensity (per 100 Inhabitants),Andhra Pradesh,93.63,2.19,91.43,76.94,NA,118.01,NA,10.99,82.64
2008,Teledensity (per 100 Inhabitants),Assam,14.74,1.46,13.28,4.44,NA,76.3,NA,4.58,10.16
2009,Teledensity (per 100 Inhabitants),Assam,20.65,1.18,19.47,9.36,NA,87,NA,4.44,16.21
2010,Teledensity (per 100 Inhabitants),Assam,29.99,1.02,28.97,18.47,NA,96.55,NA,4.8,25.2
2011,Teledensity (per 100 Inhabitants),Assam,38.98,0.84,38.14,23.93,NA,124.46,NA,5.69,33.3
2012,Teledensity (per 100 Inhabitants),Assam,46.61,0.74,45.87,28.35,NA,148.57,NA,4.82,41.79
2013,Teledensity (per 100 Inhabitants),Assam,46.51,0.62,45.89,31.13,NA,130.91,NA,4.56,41.95
2014,Teledensity (per 100 Inhabitants),Assam,48.74,0.58,48.16,34.36,NA,126.27,NA,4.61,44.13
2015,Teledensity (per 100 Inhabitants),Assam,53.95,0.52,53.43,39.18,NA,132.26,NA,4.45,49.5
2016,Teledensity (per 100 Inhabitants),Assam,57.64,0.49,57.15,43.4,NA,131.88,NA,4.63,53.01
2017,Teledensity (per 100 Inhabitants),Assam,66.97,0.47,66.5,50.25,NA,152.63,NA,5.14,61.83
2018,Teledensity (per 100 Inhabitants),Assam,76.87,0.41,76.46,57.29,NA,175.45,NA,8.3,68.57
2019,Teledensity (per 100 Inhabitants),Assam,68.81,0.34,68.47,42.36,NA,199.72,NA,7.97,60.84
2020,Teledensity (per 100 Inhabitants),Assam,70.01,0.29,69.72,49.39,NA,170.31,NA,8.57,61.44
2021,Teledensity (per 100 Inhabitants),Assam,70.86,0.38,70.48,52.82,NA,170.52,NA,8.88,61.98
2022,Teledensity (per 100 Inhabitants),Assam,68.5,0.59,67.91,50.72,NA,165.83,NA,9.36,59.14
2008,Teledensity (per 100 Inhabitants),Bihar,10.43,1.15,9.28,2.86,NA,58.77,NA,2.68,7.75
2009,Teledensity (per 100 Inhabitants),Bihar,17.78,1.1,16.68,7.49,NA,83.27,NA,3.51,14.27
2010,Teledensity (per 100 Inhabitants),Bihar,30.07,1.08,28.98,14.65,NA,127.96,NA,4.79,25.27
2011,Teledensity (per 100 Inhabitants),Bihar,42.32,0.92,41.4,21.86,NA,171.97,NA,5.54,36.78
2012,Teledensity (per 100 Inhabitants),Bihar,48.9,0.47,48.43,25.58,NA,196.24,NA,5.13,43.77
2013,Teledensity (per 100 Inhabitants),Bihar,45.72,0.3,45.42,27.53,NA,160.29,NA,4.73,40.98
2014,Teledensity (per 100 Inhabitants),Bihar,46.1,0.28,45.81,29.41,NA,150.96,NA,2.69,43.41
2015,Teledensity (per 100 Inhabitants),Bihar,51.2,0.26,50.94,33.16,NA,164.26,NA,2.33,48.88
2016,Teledensity (per 100 Inhabitants),Bihar,54.36,0.24,54.11,36.48,NA,166,NA,2.66,51.7
2017,Teledensity (per 100 Inhabitants),Bihar,60.99,0.23,60.76,40.76,NA,186.98,NA,3.12,57.86
2018,Teledensity (per 100 Inhabitants),Bihar,63.16,0.2,62.96,43.94,NA,182.52,NA,3.33,59.83
2019,Teledensity (per 100 Inhabitants),Bihar,59.95,0.16,59.79,45.55,NA,149.09,NA,3.36,56.59
2020,Teledensity (per 100 Inhabitants),Bihar,59.04,0.11,58.93,45.49,NA,142.72,NA,4.02,55.02
2021,Teledensity (per 100 Inhabitants),Bihar,53.57,0.15,53.43,41.54,NA,119.71,NA,3.66,49.91
2022,Teledensity (per 100 Inhabitants),Bihar,52.88,0.27,52.61,41.47,NA,115.1,NA,3.42,49.46
2008,Teledensity (per 100 Inhabitants),Gujarat,33.63,3.98,29.65,16.37,NA,60.14,NA,7.65,25.97
2009,Teledensity (per 100 Inhabitants),Gujarat,45.16,3.64,41.52,25.21,NA,75.43,NA,7.88,37.28
2010,Teledensity (per 100 Inhabitants),Gujarat,58.46,3.53,54.93,33.52,NA,95.82,NA,8.71,49.75
2011,Teledensity (per 100 Inhabitants),Gujarat,81.9,3.26,78.64,46.68,NA,133.99,NA,9.53,72.37
2012,Teledensity (per 100 Inhabitants),Gujarat,91.13,3.03,88.11,53.89,NA,145.5,NA,9.64,81.5
2013,Teledensity (per 100 Inhabitants),Gujarat,87.23,2.92,84.31,53.12,NA,136.39,NA,9.56,77.67
2014,Teledensity (per 100 Inhabitants),Gujarat,90.54,2.72,87.82,57.44,NA,137.63,NA,9.01,81.53
2015,Teledensity (per 100 Inhabitants),Gujarat,95.61,2.47,93.14,61.85,NA,143.01,NA,7.08,88.53
2016,Teledensity (per 100 Inhabitants),Gujarat,100.06,2.21,97.85,66.99,NA,145.9,NA,7.51,92.55
2017,Teledensity (per 100 Inhabitants),Gujarat,113.71,2.11,111.6,75.55,NA,165.93,NA,9.26,104.45
2018,Teledensity (per 100 Inhabitants),Gujarat,112.45,1.95,110.5,75.95,NA,161.76,NA,10.55,101.9
2019,Teledensity (per 100 Inhabitants),Gujarat,107.21,1.88,105.34,71.11,NA,155.35,NA,10.59,96.62
2020,Teledensity (per 100 Inhabitants),Gujarat,103.51,1.31,102.2,70.98,NA,146.32,NA,10.15,93.36
2021,Teledensity (per 100 Inhabitants),Gujarat,99.18,1.34,97.84,76.62,NA,123.36,NA,8.98,90.19
2022,Teledensity (per 100 Inhabitants),Gujarat,95.08,1.48,93.6,72.89,NA,118.36,NA,8.31,86.77
2008,Teledensity (per 100 Inhabitants),Haryana,30.39,3.94,26.45,17.18,NA,58.18,NA,9.34,21.05
2009,Teledensity (per 100 Inhabitants),Haryana,43.75,3.55,40.2,28.1,NA,75.98,NA,10.48,33.28
2010,Teledensity (per 100 Inhabitants),Haryana,59.7,3.28,56.42,39.37,NA,100.63,NA,13.41,46.28
2011,Teledensity (per 100 Inhabitants),Haryana,82.59,2.55,80.04,51.33,NA,144.16,NA,14.39,68.2
2012,Teledensity (per 100 Inhabitants),Haryana,89.42,2.29,87.14,55.92,NA,153.98,NA,13.68,75.74
2013,Teledensity (per 100 Inhabitants),Haryana,76.44,2.13,74.31,56.78,NA,113.5,NA,13.74,62.7
2014,Teledensity (per 100 Inhabitants),Haryana,81.44,1.87,79.57,59.77,NA,121.4,NA,14.17,67.27
2015,Teledensity (per 100 Inhabitants),Haryana,82.67,1.5,81.17,59.62,NA,124.23,NA,11.38,71.28
2016,Teledensity (per 100 Inhabitants),Haryana,85.88,1.34,84.54,60.18,NA,131.24,NA,12.76,73.13
2017,Teledensity (per 100 Inhabitants),Haryana,91.01,1.24,89.77,64.81,NA,136.25,NA,14.33,76.68
2018,Teledensity (per 100 Inhabitants),Haryana,84.44,1.07,83.37,65.96,NA,115.67,NA,16.67,67.77
2019,Teledensity (per 100 Inhabitants),Haryana,97.66,0.94,96.72,70.82,NA,142,NA,17.93,79.73
2020,Teledensity (per 100 Inhabitants),Haryana,96.14,0.82,95.32,71.26,NA,136.37,NA,17.84,78.3
2021,Teledensity (per 100 Inhabitants),Haryana,95.24,0.78,94.46,71.82,NA,128.99,NA,17.56,77.68
2022,Teledensity (per 100 Inhabitants),Haryana,92.24,1.12,91.12,69.95,NA,123.6,NA,17.14,75.1
2008,Teledensity (per 100 Inhabitants),Himachal Pradesh,41.16,6.33,34.83,30.81,NA,127.78,NA,15.91,25.25
2009,Teledensity (per 100 Inhabitants),Himachal Pradesh,55.5,5.7,49.8,40.47,NA,179.64,NA,19.01,36.49
2010,Teledensity (per 100 Inhabitants),Himachal Pradesh,79.36,5.31,74.04,52.53,NA,298.28,NA,24.2,55.16
2011,Teledensity (per 100 Inhabitants),Himachal Pradesh,111.11,4.96,106.15,70.23,NA,440.32,NA,29.45,81.66
2012,Teledensity (per 100 Inhabitants),Himachal Pradesh,120.68,4.49,116.18,76.76,NA,469.57,NA,28.85,91.83
2013,Teledensity (per 100 Inhabitants),Himachal Pradesh,105.39,4.05,101.33,74.5,NA,347.6,NA,27.56,77.83
2014,Teledensity (per 100 Inhabitants),Himachal Pradesh,105.59,3.63,101.96,77.07,NA,326.01,NA,24.06,81.53
2015,Teledensity (per 100 Inhabitants),Himachal Pradesh,114.52,2.96,111.56,84.87,NA,340.71,NA,23.12,91.39
2016,Teledensity (per 100 Inhabitants),Himachal Pradesh,127.61,2.41,125.19,95,NA,372.94,NA,26.49,101.11
2017,Teledensity (per 100 Inhabitants),Himachal Pradesh,147.86,2.09,145.77,112.65,NA,409.03,NA,32.29,115.57
2018,Teledensity (per 100 Inhabitants),Himachal Pradesh,174.46,1.75,172.71,108.79,NA,656.19,NA,37.32,137.15
2019,Teledensity (per 100 Inhabitants),Himachal Pradesh,146.37,1.58,144.79,114.29,NA,378.46,NA,40.35,106.02
2020,Teledensity (per 100 Inhabitants),Himachal Pradesh,148.85,1.34,147.51,114.24,NA,395.72,NA,42.19,106.66
2021,Teledensity (per 100 Inhabitants),Himachal Pradesh,152.5,1.2,151.3,113.87,NA,490.11,NA,41.87,110.63
2022,Teledensity (per 100 Inhabitants),Himachal Pradesh,138.44,1.63,136.81,101.51,NA,460.65,NA,38.5,99.94
2008,Teledensity (per 100 Inhabitants),Jammu and Kashmir,21.84,2.3,19.54,7.87,NA,61.16,NA,10.48,11.36
2009,Teledensity (per 100 Inhabitants),Jammu and Kashmir,32.76,2.1,30.66,16.72,NA,77.42,NA,10.24,22.52
2010,Teledensity (per 100 Inhabitants),Jammu and Kashmir,49.9,2,47.9,26.93,NA,113.17,NA,10.42,39.49
2011,Teledensity (per 100 Inhabitants),Jammu and Kashmir,50.9,1.84,49.06,30.01,NA,107.85,NA,8.95,41.95
2012,Teledensity (per 100 Inhabitants),Jammu and Kashmir,54.82,1.72,53.1,30.84,NA,119.52,NA,10.53,44.29
2013,Teledensity (per 100 Inhabitants),Jammu and Kashmir,58.57,1.64,56.93,36.72,NA,116.92,NA,11.28,47.29
2014,Teledensity (per 100 Inhabitants),Jammu and Kashmir,66.8,1.53,65.27,42.61,NA,130.7,NA,11.99,54.82
2015,Teledensity (per 100 Inhabitants),Jammu and Kashmir,76.93,1.21,75.72,55.85,NA,132.04,NA,11.12,65.81
2016,Teledensity (per 100 Inhabitants),Jammu and Kashmir,80.02,1.06,78.96,57.9,NA,137.2,NA,11.52,68.5
2017,Teledensity (per 100 Inhabitants),Jammu and Kashmir,95.91,1.07,94.84,65.23,NA,174.43,NA,12.83,83.07
2018,Teledensity (per 100 Inhabitants),Jammu and Kashmir,109.19,0.91,108.28,78.03,NA,188.09,NA,13.5,95.69
2019,Teledensity (per 100 Inhabitants),Jammu and Kashmir,89.43,0.8,88.63,56.19,NA,172.73,NA,10.51,78.92
2020,Teledensity (per 100 Inhabitants),Jammu and Kashmir,92.91,0.93,91.97,62.53,NA,168.24,NA,10.68,82.22
2021,Teledensity (per 100 Inhabitants),Jammu and Kashmir,89.01,1.23,87.78,59.18,NA,158.5,NA,9.9,79.11
2022,Teledensity (per 100 Inhabitants),Jammu and Kashmir,88.55,2.03,86.52,58.91,NA,156.72,NA,10.3,78.25
2008,Teledensity (per 100 Inhabitants),Karnataka,34.53,4.94,29.59,11.53,NA,74.98,NA,7.64,26.89
2009,Teledensity (per 100 Inhabitants),Karnataka,45.21,4.78,40.43,14.36,NA,98.73,NA,8.44,36.77
2010,Teledensity (per 100 Inhabitants),Karnataka,67.81,4.72,63.09,24.08,NA,142.62,NA,10.27,57.54
2011,Teledensity (per 100 Inhabitants),Karnataka,87.76,4.61,83.15,35.1,NA,176.59,NA,13.02,74.74
2012,Teledensity (per 100 Inhabitants),Karnataka,97.22,4.48,92.74,44.08,NA,185.62,NA,14.78,82.44
2013,Teledensity (per 100 Inhabitants),Karnataka,91.24,4.03,87.21,43,NA,170.38,NA,14.53,76.71
2014,Teledensity (per 100 Inhabitants),Karnataka,92.45,3.78,88.67,46.24,NA,167.19,NA,14.5,77.95
2015,Teledensity (per 100 Inhabitants),Karnataka,97.54,3.68,93.86,49.05,NA,174.89,NA,13.1,84.44
2016,Teledensity (per 100 Inhabitants),Karnataka,101.89,3.61,98.27,52.95,NA,178.85,NA,13.21,88.67
2017,Teledensity (per 100 Inhabitants),Karnataka,113.39,3.57,109.83,58.81,NA,198.06,NA,13.12,100.27
2018,Teledensity (per 100 Inhabitants),Karnataka,109.05,3.49,105.55,61.57,NA,181.67,NA,13.12,95.93
2019,Teledensity (per 100 Inhabitants),Karnataka,110.04,3.37,106.67,62.23,NA,182.15,NA,12.85,97.19
2020,Teledensity (per 100 Inhabitants),Karnataka,108.19,3.25,104.94,74.13,NA,158.84,NA,12.7,95.49
2021,Teledensity (per 100 Inhabitants),Karnataka,105.85,3.22,102.63,72.96,NA,148.59,NA,11.87,93.98
2022,Teledensity (per 100 Inhabitants),Karnataka,100.1,4.02,96.09,68.42,NA,140.47,NA,11.5,88.6
2008,Teledensity (per 100 Inhabitants),Kerala,45.34,10.83,34.51,26.18,NA,100.79,NA,18.45,26.89
2009,Teledensity (per 100 Inhabitants),Kerala,58.48,10.47,48.01,35.43,NA,125.35,NA,19.19,39.29
2010,Teledensity (per 100 Inhabitants),Kerala,80.36,10.06,70.31,44.65,NA,184.18,NA,21.82,58.55
2011,Teledensity (per 100 Inhabitants),Kerala,100.01,9.52,90.48,53.25,NA,236.25,NA,26.39,73.62
2012,Teledensity (per 100 Inhabitants),Kerala,106.61,9.14,97.47,61.94,NA,237.1,NA,29.16,77.45
2013,Teledensity (per 100 Inhabitants),Kerala,96.09,8.72,87.37,61.93,NA,196.1,NA,30.36,65.73
2014,Teledensity (per 100 Inhabitants),Kerala,96.19,8.16,88.02,64.34,NA,189.66,NA,30.33,65.85
2015,Teledensity (per 100 Inhabitants),Kerala,95.41,7.27,88.14,67.09,NA,178.73,NA,25.29,70.12
2016,Teledensity (per 100 Inhabitants),Kerala,102.33,6.42,95.91,62.3,NA,220.35,NA,27.35,74.99
2017,Teledensity (per 100 Inhabitants),Kerala,114.75,5.87,108.88,69.53,NA,248.35,NA,30.88,83.87
2018,Teledensity (per 100 Inhabitants),Kerala,121.61,5.45,116.16,75.1,NA,259.4,NA,34.27,87.35
2019,Teledensity (per 100 Inhabitants),Kerala,126.15,5.18,120.96,76.85,NA,272.53,NA,34.88,91.27
2020,Teledensity (per 100 Inhabitants),Kerala,123.19,4.23,118.97,76.55,NA,261.98,NA,33.94,89.26
2021,Teledensity (per 100 Inhabitants),Kerala,129.45,3.39,126.06,199.48,NA,101.18,NA,33.58,95.87
2022,Teledensity (per 100 Inhabitants),Kerala,125.15,3.7,121.45,210.29,NA,94.32,NA,32.41,92.74
2008,Teledensity (per 100 Inhabitants),Madhya Pradesh,16.26,1.95,14.32,4.25,NA,50.44,NA,4.15,12.12
2009,Teledensity (per 100 Inhabitants),Madhya Pradesh,23.79,1.79,22,8.61,NA,66.56,NA,4.78,19.01
2010,Teledensity (per 100 Inhabitants),Madhya Pradesh,35.28,1.65,33.63,15.41,NA,90.76,NA,5.7,29.58
2011,Teledensity (per 100 Inhabitants),Madhya Pradesh,48.88,1.43,47.45,22.92,NA,120.74,NA,6.27,42.61
2012,Teledensity (per 100 Inhabitants),Madhya Pradesh,53.81,1.16,52.65,25.9,NA,130.38,NA,5.78,48.03
2013,Teledensity (per 100 Inhabitants),Madhya Pradesh,53.55,1.13,52.42,30.91,NA,115.09,NA,6.11,47.44
2014,Teledensity (per 100 Inhabitants),Madhya Pradesh,56.04,1.09,54.95,33.67,NA,116.34,NA,5.73,50.32
2015,Teledensity (per 100 Inhabitants),Madhya Pradesh,60.25,1.08,59.17,36.81,NA,122.85,NA,3.96,56.29
2016,Teledensity (per 100 Inhabitants),Madhya Pradesh,64.23,1,63.23,40.37,NA,127.38,NA,4.96,59.27
2017,Teledensity (per 100 Inhabitants),Madhya Pradesh,67.07,0.97,66.1,43.52,NA,128.86,NA,5.62,61.45
2018,Teledensity (per 100 Inhabitants),Madhya Pradesh,67.02,0.89,66.13,43.85,NA,127.26,NA,6.3,60.72
2019,Teledensity (per 100 Inhabitants),Madhya Pradesh,70.11,0.85,69.26,44.12,NA,137.1,NA,6.33,63.79
2020,Teledensity (per 100 Inhabitants),Madhya Pradesh,69.4,0.57,68.83,43.77,NA,134.83,NA,6.15,63.24
2021,Teledensity (per 100 Inhabitants),Madhya Pradesh,68.87,0.63,68.24,43.46,NA,133.59,NA,5.75,63.11
2022,Teledensity (per 100 Inhabitants),Madhya Pradesh,67.35,0.9,66.46,42.11,NA,131.14,NA,5.46,61.89
2008,Teledensity (per 100 Inhabitants),Maharashtra,27.42,4.04,23.38,12.59,NA,56.97,NA,7.83,19.59
2009,Teledensity (per 100 Inhabitants),Maharashtra,37.9,3.58,34.32,21.7,NA,69.67,NA,7.76,30.14
2010,Teledensity (per 100 Inhabitants),Maharashtra,50.3,3.25,47.05,32.27,NA,85.1,NA,8.32,41.99
2011,Teledensity (per 100 Inhabitants),Maharashtra,68.97,3.05,65.93,46.07,NA,112.47,NA,9.7,59.28
2012,Teledensity (per 100 Inhabitants),Maharashtra,77.19,2.79,74.4,52.03,NA,124.23,NA,8.94,68.25
2013,Teledensity (per 100 Inhabitants),Maharashtra,73.97,2.57,71.39,52.43,NA,113.59,NA,9.31,64.65
2014,Teledensity (per 100 Inhabitants),Maharashtra,77.32,2.38,74.93,55.82,NA,116.26,NA,8.74,68.58
2015,Teledensity (per 100 Inhabitants),Maharashtra,80.75,2.16,78.59,60.24,NA,117.32,NA,6.93,73.82
2016,Teledensity (per 100 Inhabitants),Maharashtra,87.06,2.01,85.05,64.11,NA,127.32,NA,7.47,79.59
2017,Teledensity (per 100 Inhabitants),Maharashtra,95.88,1.88,94,68.2,NA,143.7,NA,7.93,87.95
2018,Teledensity (per 100 Inhabitants),Maharashtra,95.5,1.71,93.78,71.74,NA,135.87,NA,8.3,87.2
2019,Teledensity (per 100 Inhabitants),Maharashtra,92.83,1.5,91.34,68.34,NA,133.8,NA,8.14,84.7
2020,Teledensity (per 100 Inhabitants),Maharashtra,91.55,1.28,90.27,68.16,NA,130.05,NA,7.71,83.83
2021,Teledensity (per 100 Inhabitants),Maharashtra,95.83,1.26,94.57,67.92,NA,147.49,NA,7.53,88.3
2022,Teledensity (per 100 Inhabitants),Maharashtra,93.35,1.38,91.96,65.79,NA,144.67,NA,7.33,86.02
2008,Teledensity (per 100 Inhabitants),North-East,19.32,2.69,16.63,5.42,NA,64.59,NA,8.26,11.06
2009,Teledensity (per 100 Inhabitants),North-East,28.6,2.6,25.99,9.7,NA,89.46,NA,8.57,20.02
2010,Teledensity (per 100 Inhabitants),North-East,43.22,2.5,40.71,25.36,NA,100.09,NA,10.73,32.49
2011,Teledensity (per 100 Inhabitants),North-East,56.5,2.04,54.46,32.36,NA,132.55,NA,12.95,43.55
2012,Teledensity (per 100 Inhabitants),North-East,65.72,1.89,63.83,37.38,NA,153.9,NA,14,51.72
2013,Teledensity (per 100 Inhabitants),North-East,67.78,1.41,66.37,40.57,NA,151.51,NA,14.42,53.36
2014,Teledensity (per 100 Inhabitants),North-East,69.97,1.03,68.94,42.68,NA,153.01,NA,12.17,57.79
2015,Teledensity (per 100 Inhabitants),North-East,77,0.92,76.07,51.09,NA,154.91,NA,11.93,65.06
2016,Teledensity (per 100 Inhabitants),North-East,80.22,0.89,79.33,54.01,NA,158.15,NA,12.55,67.67
2017,Teledensity (per 100 Inhabitants),North-East,89.94,0.86,89.08,60.51,NA,176.42,NA,12.68,77.25
2018,Teledensity (per 100 Inhabitants),North-East,98.06,0.79,97.27,66.81,NA,188.77,NA,12.27,85.79
2019,Teledensity (per 100 Inhabitants),North-East,84.17,0.72,83.44,44.3,NA,198.62,NA,12.01,72.16
2020,Teledensity (per 100 Inhabitants),North-East,83.37,0.63,82.75,53.33,NA,168.53,NA,10.42,72.96
2021,Teledensity (per 100 Inhabitants),North-East,81.11,0.66,80.45,61.61,NA,119.74,NA,9.29,71.82
2022,Teledensity (per 100 Inhabitants),North-East,77.35,1.05,76.3,58.22,NA,114.23,NA,9.21,68.14
2008,Teledensity (per 100 Inhabitants),Odisha,15,1.95,13.05,7.14,NA,55.59,NA,4.9,10.1
2009,Teledensity (per 100 Inhabitants),Odisha,23.3,1.62,21.69,12.55,NA,78.09,NA,5.62,17.69
2010,Teledensity (per 100 Inhabitants),Odisha,39.3,1.52,37.78,20.61,NA,133.25,NA,7.7,31.6
2011,Teledensity (per 100 Inhabitants),Odisha,56.37,1.4,54.97,28.42,NA,194.96,NA,10.77,45.6
2012,Teledensity (per 100 Inhabitants),Odisha,65.84,1.13,64.71,35.11,NA,216.24,NA,11.9,53.94
2013,Teledensity (per 100 Inhabitants),Odisha,60.21,0.9,59.31,38.72,NA,164,NA,11.76,48.45
2014,Teledensity (per 100 Inhabitants),Odisha,60.9,0.83,60.07,39.87,NA,161.16,NA,8.77,52.13
2015,Teledensity (per 100 Inhabitants),Odisha,66.85,0.75,66.09,44.46,NA,172.11,NA,8.86,57.98
2016,Teledensity (per 100 Inhabitants),Odisha,69.09,0.72,68.37,49.52,NA,159.94,NA,10.43,58.66
2017,Teledensity (per 100 Inhabitants),Odisha,80.74,0.68,80.06,58.18,NA,184.01,NA,12.39,68.34
2018,Teledensity (per 100 Inhabitants),Odisha,80.28,0.64,79.64,61.81,NA,163.73,NA,13.17,67.11
2019,Teledensity (per 100 Inhabitants),Odisha,75.74,0.54,75.2,60.27,NA,144.73,NA,13.73,62.01
2020,Teledensity (per 100 Inhabitants),Odisha,76.58,0.46,76.12,62.62,NA,137.98,NA,14.65,61.93
2021,Teledensity (per 100 Inhabitants),Odisha,78.46,0.48,77.98,62.73,NA,147.63,NA,15.04,63.42
2022,Teledensity (per 100 Inhabitants),Odisha,74.99,1.34,73.64,59.73,NA,141.28,NA,14.6,60.38
2008,Teledensity (per 100 Inhabitants),Punjab,47.89,6.02,41.87,25.08,NA,82.79,NA,12.31,35.58
2009,Teledensity (per 100 Inhabitants),Punjab,58.25,5.81,52.44,33.11,NA,95.85,NA,14.95,43.3
2010,Teledensity (per 100 Inhabitants),Punjab,75.43,5.58,69.86,42.51,NA,123.57,NA,17.19,58.24
2011,Teledensity (per 100 Inhabitants),Punjab,104.09,5.42,98.68,57.23,NA,171.07,NA,19.93,84.16
2012,Teledensity (per 100 Inhabitants),Punjab,113.13,4.89,108.24,64.9,NA,180.52,NA,19.57,93.56
2013,Teledensity (per 100 Inhabitants),Punjab,103,4.42,98.58,67.16,NA,151.97,NA,18.12,84.88
2014,Teledensity (per 100 Inhabitants),Punjab,107.22,4.04,103.18,71.96,NA,154.34,NA,18.2,89.02
2015,Teledensity (per 100 Inhabitants),Punjab,103.79,3.66,100.12,71.96,NA,145.39,NA,12.39,91.39
2016,Teledensity (per 100 Inhabitants),Punjab,106.1,3.43,102.67,71.97,NA,149.78,NA,13.72,92.38
2017,Teledensity (per 100 Inhabitants),Punjab,118.28,3.22,115.06,80.51,NA,165.52,NA,16.4,101.87
2018,Teledensity (per 100 Inhabitants),Punjab,123.45,2.73,120.72,81.39,NA,174.88,NA,18.4,105.05
2019,Teledensity (per 100 Inhabitants),Punjab,125.35,2.42,122.92,78.37,NA,181.51,NA,18.32,107.03
2020,Teledensity (per 100 Inhabitants),Punjab,123.52,2.05,121.47,78.56,NA,176.04,NA,18.89,104.62
2021,Teledensity (per 100 Inhabitants),Punjab,125.27,2.24,123.04,76.05,NA,189.54,NA,18.97,106.31
2022,Teledensity (per 100 Inhabitants),Punjab,118.57,2.15,116.41,71.15,NA,179.57,NA,17.67,100.89
2008,Teledensity (per 100 Inhabitants),Rajasthan,23.74,2.72,21.02,12.74,NA,59.06,NA,6.35,17.39
2009,Teledensity (per 100 Inhabitants),Rajasthan,37.15,2.53,34.62,16.71,NA,102.56,NA,7.18,29.97
2010,Teledensity (per 100 Inhabitants),Rajasthan,52.76,2.28,50.48,31.42,NA,120.89,NA,8.84,43.92
2011,Teledensity (per 100 Inhabitants),Rajasthan,65.35,1.9,63.46,38.79,NA,149.88,NA,10.12,55.23
2012,Teledensity (per 100 Inhabitants),Rajasthan,72.96,1.69,71.27,43.86,NA,165.3,NA,9.71,63.25
2013,Teledensity (per 100 Inhabitants),Rajasthan,70.85,1.44,69.4,44.63,NA,153.82,NA,9.79,61.06
2014,Teledensity (per 100 Inhabitants),Rajasthan,75.39,1.3,74.09,48.58,NA,160,NA,9.65,65.75
2015,Teledensity (per 100 Inhabitants),Rajasthan,77.76,1.14,76.62,53.55,NA,153.93,NA,5.54,72.22
2016,Teledensity (per 100 Inhabitants),Rajasthan,83.36,1.08,82.29,58.3,NA,161.99,NA,6.39,76.98
2017,Teledensity (per 100 Inhabitants),Rajasthan,92.02,1,91.02,61.73,NA,186.76,NA,8.33,83.69
2018,Teledensity (per 100 Inhabitants),Rajasthan,87.83,0.8,87.03,60.06,NA,174.44,NA,8.11,79.72
2019,Teledensity (per 100 Inhabitants),Rajasthan,85.34,0.71,84.63,57.6,NA,171.59,NA,8.37,76.97
2020,Teledensity (per 100 Inhabitants),Rajasthan,85.88,0.58,85.29,61.34,NA,161.97,NA,8.63,77.25
2021,Teledensity (per 100 Inhabitants),Rajasthan,84.14,0.59,83.55,62.36,NA,145.07,NA,8.38,75.77
2022,Teledensity (per 100 Inhabitants),Rajasthan,79.62,0.86,78.76,58.29,NA,138.83,NA,8.52,71.1
2008,Teledensity (per 100 Inhabitants),Tamil Nadu,35.09,4.22,30.87,15.78,NA,58.62,NA,8.69,26.41
2009,Teledensity (per 100 Inhabitants),Tamil Nadu,50.46,3.8,46.67,25.62,NA,79.48,NA,9.36,41.1
2010,Teledensity (per 100 Inhabitants),Tamil Nadu,74.31,3.52,70.79,38.05,NA,114.94,NA,11.11,63.2
2011,Teledensity (per 100 Inhabitants),Tamil Nadu,97.73,3.29,94.44,48.55,NA,150.6,NA,14.44,83.28
2012,Teledensity (per 100 Inhabitants),Tamil Nadu,116.61,4.6,112.01,56.2,NA,164.4,NA,17.61,98.99
2013,Teledensity (per 100 Inhabitants),Tamil Nadu,108.17,4.45,103.72,66.33,NA,139.93,NA,17.18,90.99
2014,Teledensity (per 100 Inhabitants),Tamil Nadu,111.14,4.15,106.99,74.02,NA,138.16,NA,17.14,93.99
2015,Teledensity (per 100 Inhabitants),Tamil Nadu,117.52,3.9,113.62,82.75,NA,141.81,NA,15.16,102.37
2016,Teledensity (per 100 Inhabitants),Tamil Nadu,118.13,3.71,114.42,85,NA,140.34,NA,14.97,103.16
2017,Teledensity (per 100 Inhabitants),Tamil Nadu,128.41,3.56,124.84,93.88,NA,150.61,NA,15.34,113.06
2018,Teledensity (per 100 Inhabitants),Tamil Nadu,136.36,3.22,133.14,106.23,NA,154.96,NA,17.61,118.76
2019,Teledensity (per 100 Inhabitants),Tamil Nadu,116.94,3.03,113.91,85.94,NA,135.3,NA,18.65,98.29
2020,Teledensity (per 100 Inhabitants),Tamil Nadu,115.45,2.64,112.81,98.8,NA,124.9,NA,18.97,96.48
2021,Teledensity (per 100 Inhabitants),Tamil Nadu,108.22,2.42,105.8,68.67,NA,143.05,NA,15.02,93.21
2022,Teledensity (per 100 Inhabitants),Tamil Nadu,103.69,3,100.69,64.92,NA,137.22,NA,13.66,90.03
2008,Teledensity (per 100 Inhabitants),Uttar Pradesh,15.93,1.41,14.52,6.23,NA,50.53,NA,4.75,11.17
2009,Teledensity (per 100 Inhabitants),Uttar Pradesh,24.28,1.38,22.9,10.06,NA,74.65,NA,5.61,18.66
2010,Teledensity (per 100 Inhabitants),Uttar Pradesh,37.37,1.36,36.01,18.24,NA,104.68,NA,6.95,30.43
2011,Teledensity (per 100 Inhabitants),Uttar Pradesh,52.97,1.1,51.87,26.57,NA,145.15,NA,7.9,45.07
2012,Teledensity (per 100 Inhabitants),Uttar Pradesh,60.93,0.96,59.97,31.98,NA,161.32,NA,7.85,53.08
2013,Teledensity (per 100 Inhabitants),Uttar Pradesh,56.83,0.83,56,33.34,NA,137.69,NA,7.79,49.04
2014,Teledensity (per 100 Inhabitants),Uttar Pradesh,57.27,0.61,56.67,35.55,NA,131.53,NA,7.26,50.01
2015,Teledensity (per 100 Inhabitants),Uttar Pradesh,60.51,0.44,60.06,38.88,NA,133.87,NA,5.25,55.25
2016,Teledensity (per 100 Inhabitants),Uttar Pradesh,65.83,0.41,65.43,42.2,NA,145.42,NA,6.09,59.74
2017,Teledensity (per 100 Inhabitants),Uttar Pradesh,74.03,0.38,73.64,46.06,NA,167.56,NA,7.6,66.43
2018,Teledensity (per 100 Inhabitants),Uttar Pradesh,71.36,0.34,71.01,46.73,NA,153.12,NA,7.76,63.6
2019,Teledensity (per 100 Inhabitants),Uttar Pradesh,68.63,0.31,68.32,49.22,NA,132.63,NA,7.69,60.94
2020,Teledensity (per 100 Inhabitants),Uttar Pradesh,66.2,0.25,65.95,45.22,NA,134.86,NA,7.47,58.73
2021,Teledensity (per 100 Inhabitants),Uttar Pradesh,68.09,0.31,67.78,51.18,NA,120.84,NA,7.28,60.81
2022,Teledensity (per 100 Inhabitants),Uttar Pradesh,67.68,0.47,67.21,50.39,NA,121.16,NA,7.08,60.61
2008,Teledensity (per 100 Inhabitants),West Bengal,14.39,1.56,12.83,7.41,NA,56.86,NA,3.67,10.71
2009,Teledensity (per 100 Inhabitants),West Bengal,22.5,1.42,21.08,13.51,NA,77.04,NA,4.12,18.38
2010,Teledensity (per 100 Inhabitants),West Bengal,34.78,1.21,33.57,23.32,NA,104.13,NA,4.38,30.4
2011,Teledensity (per 100 Inhabitants),West Bengal,53.43,1,52.43,36.88,NA,153.26,NA,5.38,48.05
2012,Teledensity (per 100 Inhabitants),West Bengal,61.52,0.89,60.63,42.05,NA,178.63,NA,5.6,55.93
2013,Teledensity (per 100 Inhabitants),West Bengal,54.18,0.71,53.47,40.58,NA,135.72,NA,5.39,48.79
2014,Teledensity (per 100 Inhabitants),West Bengal,55.13,0.65,54.48,41.71,NA,135.28,NA,3.29,51.84
2015,Teledensity (per 100 Inhabitants),West Bengal,60.69,0.56,60.13,47.41,NA,139.77,NA,2.3,58.39
2016,Teledensity (per 100 Inhabitants),West Bengal,63.16,0.46,62.69,50.88,NA,136.07,NA,2.68,60.48
2017,Teledensity (per 100 Inhabitants),West Bengal,73.59,0.41,73.18,58.54,NA,162.71,NA,2.8,70.79
2018,Teledensity (per 100 Inhabitants),West Bengal,73.73,0.35,73.39,59.06,NA,160.28,NA,2.5,71.23
2019,Teledensity (per 100 Inhabitants),West Bengal,71.39,0.28,71.11,54.19,NA,172.51,NA,2.47,68.92
2020,Teledensity (per 100 Inhabitants),West Bengal,67.8,0.2,67.6,49.67,NA,174.12,NA,3.11,64.69
2021,Teledensity (per 100 Inhabitants),West Bengal,68.5,0.31,68.19,54.93,NA,113.53,NA,3.3,65.2
2022,Teledensity (per 100 Inhabitants),West Bengal,68.77,0.46,68.31,54.59,NA,115.52,NA,3.49,65.28
2008,Teledensity (per 100 Inhabitants),Kolkata,64.22,10.24,53.98,NA,#,NA,#,16.71,47.51
2009,Teledensity (per 100 Inhabitants),Kolkata,89.68,10.46,79.21,NA,#,NA,#,20.06,69.62
2010,Teledensity (per 100 Inhabitants),Kolkata,120.18,9.84,110.34,NA,#,NA,#,20.92,99.27
2011,Teledensity (per 100 Inhabitants),Kolkata,163.76,9.32,154.44,NA,#,NA,#,24.53,139.23
2012,Teledensity (per 100 Inhabitants),Kolkata,172.22,7.78,164.44,NA,#,NA,#,22.38,149.84
2013,Teledensity (per 100 Inhabitants),Kolkata,145.86,7.45,138.41,NA,#,NA,#,21.01,124.85
2014,Teledensity (per 100 Inhabitants),Kolkata,142.67,6.94,135.73,NA,#,NA,#,11,131.66
2015,Teledensity (per 100 Inhabitants),Kolkata,150.2,6.4,143.8,NA,#,NA,#,9.87,140.33
2016,Teledensity (per 100 Inhabitants),Kolkata,163.56,5.73,157.82,NA,#,NA,#,9.16,154.39
2017,Teledensity (per 100 Inhabitants),Kolkata,188.37,5.36,183.01,NA,#,NA,#,9.8,178.58
2018,Teledensity (per 100 Inhabitants),Kolkata,182.97,4.89,178.08,NA,#,NA,#,12.5,170.47
2019,Teledensity (per 100 Inhabitants),Kolkata,165.51,4.35,161.16,NA,#,NA,#,12.55,152.96
2020,Teledensity (per 100 Inhabitants),Kolkata,159.69,3.75,155.94,NA,#,NA,#,15.07,144.63
2021,Teledensity (per 100 Inhabitants),Kolkata,163.86,4.04,159.82,NA,#,NA,#,17.09,146.77
2022,Teledensity (per 100 Inhabitants),Kolkata,143.38,5.23,138.16,NA,#,NA,#,15.36,128.02
2008,Teledensity (per 100 Inhabitants),Chennai,103.9,16.94,86.96,NA,#,102.41,NA,24.54,79.36
2009,Teledensity (per 100 Inhabitants),Chennai,127.38,16.82,110.56,NA,#,125.91,NA,25.61,101.77
2010,Teledensity (per 100 Inhabitants),Chennai,149.41,17.1,132.32,NA,#,148,NA,26.8,122.61
2011,Teledensity (per 100 Inhabitants),Chennai,163.4,16.83,146.57,NA,#,162.12,NA,28.71,134.7
2012,Teledensity (per 100 Inhabitants),Chennai,NA,NA,NA,NA,NA,NA,NA,NA,NA
2013,Teledensity (per 100 Inhabitants),Chennai,NA,NA,NA,NA,NA,NA,NA,NA,NA
2014,Teledensity (per 100 Inhabitants),Chennai,NA,NA,NA,NA,NA,NA,NA,NA,NA
2015,Teledensity (per 100 Inhabitants),Chennai,NA,NA,NA,NA,NA,NA,NA,NA,NA
2016,Teledensity (per 100 Inhabitants),Chennai,NA,NA,NA,NA,NA,NA,NA,NA,NA
2017,Teledensity (per 100 Inhabitants),Chennai,NA,NA,NA,NA,NA,NA,NA,NA,NA
2018,Teledensity (per 100 Inhabitants),Chennai,NA,NA,NA,NA,NA,NA,NA,NA,NA
2019,Teledensity (per 100 Inhabitants),Chennai,NA,NA,NA,NA,NA,NA,NA,NA,NA
2020,Teledensity (per 100 Inhabitants),Chennai,NA,NA,NA,NA,NA,NA,NA,NA,NA
2021,Teledensity (per 100 Inhabitants),Chennai,NA,NA,NA,NA,NA,NA,NA,NA,NA
2022,Teledensity (per 100 Inhabitants),Chennai,NA,NA,NA,NA,NA,NA,NA,NA,NA
2008,Teledensity (per 100 Inhabitants),Delhi,110.05,14.24,95.81,NA,#,NA,#,18.72,91.33
2009,Teledensity (per 100 Inhabitants),Delhi,140.18,14.42,125.75,NA,#,NA,#,20.52,119.66
2010,Teledensity (per 100 Inhabitants),Delhi,172.49,15.08,157.41,NA,#,NA,#,21.93,150.57
2011,Teledensity (per 100 Inhabitants),Delhi,225.25,15.35,209.9,NA,#,NA,#,22.64,202.62
2012,Teledensity (per 100 Inhabitants),Delhi,245.48,15.75,229.73,NA,#,NA,#,24.06,221.43
2013,Teledensity (per 100 Inhabitants),Delhi,221.64,15.13,206.51,NA,#,NA,#,21.39,200.25
2014,Teledensity (per 100 Inhabitants),Delhi,226.84,15.41,211.43,NA,#,NA,#,19.41,207.43
2015,Teledensity (per 100 Inhabitants),Delhi,237.99,15.16,222.84,NA,#,NA,#,19.1,218.89
2016,Teledensity (per 100 Inhabitants),Delhi,236.29,14.86,221.43,NA,#,NA,#,18.44,217.86
2017,Teledensity (per 100 Inhabitants),Delhi,257.76,14.68,243.08,NA,#,NA,#,17.9,239.86
2018,Teledensity (per 100 Inhabitants),Delhi,254.49,14.14,240.35,NA,#,NA,#,16.91,237.58
2019,Teledensity (per 100 Inhabitants),Delhi,238.57,14.03,224.55,NA,#,NA,#,15.91,222.66
2020,Teledensity (per 100 Inhabitants),Delhi,236.99,13.32,223.67,NA,#,NA,#,14.98,222.01
2021,Teledensity (per 100 Inhabitants),Delhi,282.01,17.23,264.78,NA,#,NA,#,16.89,265.12
2022,Teledensity (per 100 Inhabitants),Delhi,267.64,18.7,248.93,NA,#,NA,#,16.37,251.27
2008,Teledensity (per 100 Inhabitants),Mumbai,83.48,13.74,69.74,NA,#,NA,#,20.61,62.87
2009,Teledensity (per 100 Inhabitants),Mumbai,110.52,14.4,96.12,NA,#,NA,#,22.34,88.18
2010,Teledensity (per 100 Inhabitants),Mumbai,143.71,14.38,129.33,NA,#,NA,#,22.7,121.01
2011,Teledensity (per 100 Inhabitants),Mumbai,180.44,14.29,166.16,NA,#,NA,#,22.7,157.75
2012,Teledensity (per 100 Inhabitants),Mumbai,187.62,14.37,173.25,NA,#,NA,#,23.11,164.5
2013,Teledensity (per 100 Inhabitants),Mumbai,152.44,13.64,138.8,NA,#,NA,#,19.52,132.92
2014,Teledensity (per 100 Inhabitants),Mumbai,151.9,13.71,138.19,NA,#,NA,#,13.44,138.45
2015,Teledensity (per 100 Inhabitants),Mumbai,147.81,13.42,134.39,NA,#,NA,#,13.77,134.04
2016,Teledensity (per 100 Inhabitants),Mumbai,149.6,13.05,136.55,NA,#,NA,#,13.45,136.16
2017,Teledensity (per 100 Inhabitants),Mumbai,166.77,12.8,153.96,NA,#,NA,#,13.3,153.47
2018,Teledensity (per 100 Inhabitants),Mumbai,163.01,12.34,150.67,NA,#,NA,#,12.73,150.28
2019,Teledensity (per 100 Inhabitants),Mumbai,165.62,11.82,153.81,NA,#,NA,#,12.15,153.48
2020,Teledensity (per 100 Inhabitants),Mumbai,161.48,11.35,150.14,NA,#,NA,#,11.42,150.06
2021,Teledensity (per 100 Inhabitants),Mumbai,158.26,11.88,146.38,NA,#,NA,#,10.57,147.69
2022,Teledensity (per 100 Inhabitants),Mumbai,139.96,11.59,128.36,NA,#,NA,#,9.33,130.63
